,gpa
0,3.1613772630456323
1,3.015510560917985
2,2.3616400996784352
3,3.7012088272703725
4,3.135863034823007
5,3.680562449145558
6,2.8099453340025344
7,3.493041682494132
8,3.6943643368134085
9,2.983522639766997
10,3.2190233960228936
11,2.693446257933765
12,3.207365224686585
13,4.666944229329914
14,3.7426124384630217
15,2.9279264269183702
16,3.396395866335884
17,2.8274507206005977
18,3.1086979463692805
19,3.084307091587701
20,3.7353919091104153
21,3.5312879301679736
22,3.779574117297327
23,3.0575948429191406
24,3.4312945071567027
25,2.5738918896626095
26,4.005153120738548
27,3.637074930952485
28,3.349365176399657
29,3.3577833701659676
30,2.5977410578178257
31,3.4240695050939376
32,3.0010906771143193
33,3.2153362773557754
34,3.7967465505031126
35,3.3284176467018036
36,3.6815438940961944
37,2.3972194883418485
38,3.181806813175674
39,3.0962623643991463
40,2.7413133450112817
41,2.950973143536588
42,2.878728840820404
43,2.667288289605425
44,3.077489048536639
45,3.247263938093445
46,3.3246250492514053
47,2.5317127927649774
48,2.839095711964174
49,3.3945309411068227
50,3.273947543910367
51,2.552153515557211
52,3.5389394431825614
53,2.9196685539385103
54,2.437826862382051
55,3.0808551360151726
56,4.445845074711131
57,3.4413980808380855
58,2.8026697516320573
59,3.6422711132625754
60,3.133334103001583
61,2.9603552764552337
62,3.4344108440341192
63,2.2389182889756754
64,2.5762446335514446
65,3.0441278109979417
66,3.2500535862236344
67,3.71697960408932
68,2.871407457716003
69,3.378568586650319
70,2.9239094330255297
71,3.625786224825011
72,3.4552524630180854
73,2.411981014049524
74,3.0989434971145338
75,2.6234546901874847
76,3.0400566684660077
77,3.5490221677466707
78,3.5018143468341676
79,2.477871461772307
80,2.779517433526796
81,3.894259748669324
82,2.3292444051854533
83,3.8391752536336057
84,3.0880505245783914
85,3.161815678591566
86,3.200200177893977
87,3.178465207719113
88,2.8291106931905854
89,3.3085672651377656
90,3.256688637574182
91,3.6372637595508053
92,3.1118951481501793
93,3.4189577919091776
94,2.72050090538401
95,3.074025473496972
96,3.708493436722327
97,3.6735624596650873
98,2.910527680996597
99,3.585755081548919
100,2.34818419385024
101,3.8972895476660656
102,3.726156344875374
103,3.3714128858858445
104,2.8568722053471505
105,3.5135393749201778
106,3.1234114655123006
107,3.224523363807415
108,2.7753367666436666
109,2.777659631931183
110,3.3700509677662813
111,4.088095798936965
112,2.5295752156821156
113,3.2061430268726587
114,3.184751053643688
115,3.5919514102745604
116,2.9155519314854534
117,2.92207416467847
118,3.2900003700790483
119,3.4905747045314075
120,3.2006789192294804
121,2.8370469180524087
122,3.203511727361261
123,3.405293512324377
124,3.2185407024884505
125,3.3824724464979234
126,2.891087006689132
127,3.1521868019582637
128,2.7084127109459444
129,3.397976754165744
130,3.066340245510666
131,3.2894127767674024
132,2.9731070513871614
133,2.9071585618440134
134,3.63589616645087
135,2.9182010911319938
136,3.429518890257427
137,2.678165549456222
138,4.497943387753143
139,3.1796533551963235
140,3.6635328694918234
141,3.4604891294714926
142,2.453724688669978
143,2.790785808755408
144,3.7779058345940166
145,3.2753390478119764
146,2.8201152465601314
147,3.5458778488702567
148,3.4689394077393754
149,3.7090825296092182
150,2.967407286354409
151,3.606813482260203
152,3.1442517995183183
153,3.5917294363265806
154,3.487845957945807
155,3.7392496387346563
156,2.689654611332719
157,3.7927207973339967
158,2.526160610262055
159,3.250719376191282
160,2.478883922120217
161,4.089240930893842
162,3.082081429792297
163,3.2923624036331964
164,3.808088155204441
165,3.2159179028736
166,3.990264512269609
167,3.0957601339351
168,2.381553932339142
169,2.8206433209541895
170,2.9823103940199385
171,3.2592001302441425
172,2.56187808138704
173,3.0540682754291706
174,3.372841153729678
175,2.6587047176004557
176,3.366608615473558
177,3.503370878011814
178,3.4096260809170116
179,2.986433956588145
180,3.1927881406057677
181,2.5997080793832406
182,3.616051331758442
183,3.059322913169184
184,2.794328438459906
185,2.8108470685201947
186,2.7118959839188794
187,2.699548367508501
188,3.711810376366807
189,2.3193402976486333
190,3.3849187468838737
191,2.54956092720766
192,3.3493974804696838
193,3.2945997695165365
194,2.911911170036977
195,2.384567160503485
196,4.24882745447011
197,3.2307565323356764
198,2.890016167160602
199,3.9459150165872092
200,3.803178977976855
201,2.9505330566762744
202,3.6013977952778835
203,3.432356927986789
204,3.593890299166535
205,3.4185521603667937
206,3.0704647800046296
207,3.0497918282461054
208,4.068848041878717
209,2.5941701583218566
210,3.8996141133754683
211,3.533443405358038
212,3.7187186311026257
213,3.0556335981536487
214,3.7874440092940826
215,3.7548116037967683
216,3.0312518258478964
217,3.229262689573331
218,3.646407017796408
219,3.447326804416331
220,3.1302771822339985
221,2.272700901864443
222,3.443293911416451
223,3.4363827523661046
224,2.902416828613534
225,2.519224564224877
226,3.734691457188457
227,2.8713991684078226
228,3.0907353520510994
229,3.876023524148813
230,3.312245896731382
231,3.2197213956252004
232,2.8527427633188145
233,3.746438824078824
234,3.439899184674596
235,3.2130488059824795
236,3.8804217469097697
237,3.366197692044129
238,3.5140075430861075
239,2.195981253454176
240,3.0898985888574195
241,3.9741373811020275
242,1.986368725275173
243,3.101601046908492
244,2.6348163218439655
245,2.959135194760542
246,2.7014540626587764
247,2.670017618804578
248,4.222583568468187
249,4.200641911296279
250,2.3448494588650166
251,2.1449434718517453
252,3.27549143287768
253,3.6928652839554177
254,3.031770477038789
255,2.8003498428703617
256,3.4805370590400737
257,2.876988398013163
258,3.522800830398017
259,3.31713726606621
260,2.2653121076678744
261,3.415936419844057
262,3.9752018682970496
263,3.287875611184228
264,2.379937262529163
265,3.2886612474366252
266,3.12602925127457
267,3.2392744332213756
268,3.3838770731004613
269,3.6800814313972667
270,2.3603648430809745
271,3.15478525401729
272,3.4235862626004807
273,2.4925237746767213
274,2.9223109666403686
275,3.374965642585401
276,2.670256438368094
277,3.2386664913162906
278,2.397929474937914
279,2.8482732546548775
280,2.7999159487659644
281,2.7957326099008406
282,3.2188835934932056
283,3.3279772089230804
284,3.1548202425108665
285,2.8113814059346964
286,3.693353764417729
287,2.820770548732389
288,4.121839151891711
289,3.41890303496618
290,2.7544062153333173
291,3.1364113644718663
292,2.989379685683393
293,3.2651224373179755
294,3.314367326447767
295,2.749169474243006
296,3.5185869369906593
297,2.9688583070887837
298,2.6222492880375774
299,3.2354216217439107
300,3.2162152846548255
301,2.6009487826819364
302,3.3671141781582734
303,3.6349966698066867
304,3.544889867561421
305,3.3964709811233718
306,2.7953296720466754
307,3.1490827690313243
308,3.028116968244198
309,2.834090459601183
310,3.258151484232445
311,2.964709367388452
312,2.5779790527461257
313,3.6177320662614214
314,3.6860023684417165
315,3.6907166585326516
316,3.249715893534796
317,2.520206043489454
318,3.3787098611351563
319,3.115362729152516
320,2.08311304494871
321,3.484521223480458
322,2.967236629414693
323,3.9062958906354996
324,3.238829019166414
325,2.250722443912146
326,2.3830052737401646
327,3.1501426785289484
328,3.8434290442697217
329,3.834452794696518
330,2.7008013271867064
331,3.2443616552959598
332,3.1041449879238727
333,3.4758257586455636
334,3.014183533805443
335,3.7362517985981687
336,2.445302239593107
337,3.2943615021797403
338,2.8031770679928587
339,3.3192383284834435
340,2.9313654815388213
341,2.944530809070068
342,2.8814243284038965
343,3.0482253784569275
344,3.0616338093252744
345,3.219844934579853
346,2.3887087313798085
347,2.9863179959530837
348,2.6510599306365092
349,2.614160033353175
350,3.6903385458867524
351,3.19165915881974
352,2.6303061213770658
353,2.847658480128999
354,3.263078869543978
355,3.073703600676859
356,2.7656563618966477
357,3.136755939650622
358,2.5616316306525544
359,4.236555157442483
360,3.807746961259169
361,3.241782310515815
362,3.0039648178625
363,2.6766475035039177
364,3.624440246567689
365,3.6381243784077157
366,3.2943268996775164
367,3.0951975865517207
368,3.4687186115896016
369,2.1461309440943337
370,2.9096701627383896
371,3.058329996807371
372,2.168816416724849
373,3.038884207033868
374,3.8571646120845373
375,3.8350335968868805
376,3.2830266444718017
377,3.400142734980231
378,3.225369147269751
379,3.5515611925212984
380,3.0799536009324284
381,3.681614980398039
382,3.517618822665862
383,2.7330526285098697
384,3.428173672221622
385,3.080583024418794
386,3.0255555239809557
387,2.54272294800072
388,4.0072155019236355
389,2.6986211936338416
390,3.0731506981155414
391,2.9083178437173207
392,3.7289994661743093
393,3.4101334267113015
394,3.494233312552015
395,3.427845722470156
396,2.7364719966850974
397,3.386203273627501
398,2.3682900276350374
399,3.6206310593051665
400,3.7325143148004267
401,3.5901728052683763
402,2.132138099780403
403,3.034661986853554
404,2.995424332450074
405,2.5896018709348794
406,2.891219959878759
407,4.0167768209952595
408,3.48087772815114
409,3.2079592888857387
410,2.8781071968216745
411,2.3416908514429635
412,3.4010437453322093
413,3.4011179377603007
414,4.066624972984924
415,2.877102707411665
416,2.736542414273164
417,3.022339035806706
418,2.9668272260040727
419,3.794995596261959
420,2.484362917574064
421,2.7837200410174336
422,3.7081036156276825
423,2.4715835795713503
424,3.1026204877098724
425,3.9136385680678982
426,3.3905636865670963
427,4.401953188648868
428,3.50662697142119
429,3.3564070306960985
430,3.8938262932779804
431,3.0051355667451434
432,3.3609161488947437
433,3.7385127502238538
434,2.732899445496137
435,2.8902418553195464
436,2.508974640943136
437,3.7667967175383086
438,3.800139779959988
439,3.408678963621515
440,2.5215466727799867
441,2.9079993978525103
442,2.6275782870821836
443,2.8111970679642506
444,3.150154971968652
445,3.7822623999795426
446,2.556522170790279
447,3.7400797458693873
448,3.0550000836772084
449,2.691735009215857
450,2.9420618962693643
451,3.716409631243416
452,3.8404652459419726
453,3.4362640972851723
454,3.5156145063737148
455,3.842085404522441
456,3.5619712065272555
457,3.802497376388692
458,3.9123761671114057
459,2.6496181230734637
460,3.2459480455975878
461,3.9612502718716534
462,2.8011305320605118
463,2.4489312911872156
464,3.3742544285385065
465,3.716933143574641
466,3.0038690435766067
467,3.2779103060352686
468,2.678693343478394
469,3.0578716702741846
470,4.225528841401934
471,3.775687796716144
472,2.8054103531876713
473,3.0606551362531755
474,3.4783511279609387
475,3.9772455894580863
476,3.1354556661618007
477,2.983883816012613
478,2.538441869044555
479,2.9973652781294677
480,2.994919699480386
481,3.7530177969576273
482,3.4426886340957097
483,4.411903927989408
484,2.5502412163161132
485,3.943390752847633
486,3.3361174573501104
487,3.1448306915590774
488,2.679123187881822
489,3.0810222132948977
490,2.3670120301838344
491,3.1531840189034877
492,2.8987312538777688
493,2.531045278199607
494,4.486082051848388
495,2.909387827943691
496,2.566127913902535
497,3.0481009358887574
498,3.7037209863702953
499,3.3958368709223756
500,2.5511050854435893
501,2.7353118600135238
502,3.4010077090245505
503,2.2724687935656576
504,3.3224577556507415
505,3.861584738291559
506,3.336409031283481
507,3.8313177211740923
508,3.183033539588296
509,2.628214413048717
510,3.6818937153577505
511,3.624221322218406
512,3.359729200394611
513,3.4768040960250537
514,3.543649678085763
515,3.2365031461619527
516,3.457815950407557
517,3.865222107985759
518,1.8799734483216064
519,3.7416068620218006
520,3.633414388641525
521,3.641678417006587
522,3.1319546359916517
523,4.342453840955995
524,3.311266020750767
525,3.5462349682116208
526,2.7517473441099827
527,2.7993138009319765
528,3.577026266835099
529,3.7760744408752065
530,3.2935562975143267
531,3.6947019500368956
532,4.202987338352477
533,3.043509333910912
534,3.186878853296483
535,4.14911004544688
536,4.385717566455135
537,3.128307696173409
538,2.330572772094775
539,3.0991350495080034
540,3.651321794085243
541,3.6128954524862635
542,3.0318618636550143
543,2.1779054771823096
544,3.158151720764538
545,3.372589141048826
546,3.1132022928670775
547,3.754629600995746
548,3.0175789998225473
549,3.4029470407642846
550,2.993336852798349
551,3.2765493606743705
552,3.3864477341050216
553,2.7260468234009463
554,3.0964120984647865
555,2.8352817665362027
556,4.024653996098664
557,3.5204274071613986
558,3.3799204604954185
559,2.9623579949262924
560,4.068430318459076
561,3.8538171635689453
562,3.593728664268148
563,3.562105641410393
564,3.3837452133464616
565,4.084555857388811
566,3.417537188202126
567,3.2539635153785564
568,2.967259655497278
569,2.875012976229086
570,3.9212906100052747
571,3.438909655505221
572,2.1081276991107
573,2.1703891017264603
574,3.0410824919685258
575,2.358276070503278
576,3.6589134878525686
577,3.5593278382574343
578,3.2665217990008606
579,2.914666248823835
580,2.927357127561498
581,3.1873649637037165
582,3.425467668736085
583,3.8146037458266777
584,3.026669394752601
585,3.573880096574231
586,3.8292021672815855
587,3.036763026900578
588,3.5969792512715295
589,3.3667695071016692
590,3.0541799780539933
591,3.468640511728183
592,3.9159814232851025
593,3.146324494922156
594,2.71584212569823
595,3.2857441356358166
596,2.511198884632801
597,3.4685598199421994
598,3.770191372534634
599,3.5091223583985776
600,3.1222194062390076
601,4.265698416116276
602,3.6366779698835527
603,3.6279650484899695
604,3.375436951865102
605,3.9055269704192463
606,2.762290965338306
607,2.9536752490225036
608,4.022307437377459
609,3.4153263240230918
610,3.43708747164007
611,3.2331673031414416
612,3.8777307544753064
613,2.9601153804810476
614,2.51239472465571
615,2.273098908037449
616,2.847984880337828
617,2.882523587662608
618,2.108377429066909
619,3.749924453413934
620,4.268974855520456
621,3.9629659655299445
622,2.710877542584409
623,2.5367556173168304
624,2.5980285830818373
625,3.550914003201878
626,2.66806894583936
627,3.592830617620732
628,4.266767559052328
629,3.072190988889145
630,3.4075924141241285
631,3.304196507873264
632,2.7727995821466154
633,3.7485657294773045
634,3.4258966859293096
635,3.455877815425941
636,3.5776335258773746
637,2.745680811561025
638,3.895151438556483
639,3.177594357654211
640,2.346738767022547
641,2.8182893766569537
642,2.26081510925414
643,3.614730026154378
644,3.798193471508078
645,3.2315221902943194
646,4.3272311457003525
647,2.774740950463672
648,3.351658822476458
649,3.2223336335300927
650,3.161611489500883
651,3.244164707601529
652,3.5481808652328053
653,2.9129935749385867
654,2.6892428153010934
655,3.5447646143425087
656,2.841348716769079
657,4.331142576864244
658,3.309757633308229
659,2.988405327925177
660,3.28463813844012
661,3.3969805023467163
662,3.865696955832338
663,2.9945884914071366
664,3.3588851096872423
665,3.792009609086861
666,3.694607020829491
667,4.200517364897896
668,3.260139632436602
669,2.568258770669308
670,3.7187010949174675
671,3.3972564574613315
672,2.8283721288193213
673,2.999643753673721
674,3.419680315414411
675,4.868404414480197
676,3.2808436056173322
677,2.468172221996319
678,2.600351831883201
679,2.375196936916616
680,3.369765031347182
681,2.6170646715292687
682,3.321910591248525
683,3.6397537825107142
684,3.012638351176037
685,2.391430860167459
686,3.6112117122876737
687,2.6980642628017275
688,3.5000331590345937
689,3.7773016673381923
690,3.8627677628862
691,3.796492970934858
692,3.0223539577298353
693,3.7250656649846023
694,3.4686732359064805
695,3.3741135868615153
696,3.461593192094521
697,2.7064289722596597
698,3.261013309027665
699,3.7453706839934426
700,3.3697292188283963
701,2.7715590875126392
702,2.932677989896895
703,3.762813939841412
704,4.069398959344123
705,5.023004689997901
706,3.5008292376768577
707,3.912117131918987
708,2.687225697076413
709,3.588989956774375
710,3.00521181022963
711,3.6037157281381185
712,3.45845170608251
713,3.7428167909778836
714,2.8439777204599777
715,2.9454287608556196
716,3.2194962759870376
717,4.0292584413147425
718,3.145421294002379
719,3.8557845337622356
720,3.4220368443245706
721,2.899598390233025
722,3.6389011008845253
723,3.5513513249233744
724,3.2741839805827087
725,3.3216052066989254
726,2.66939646561783
727,3.061039091223292
728,3.2741119706288706
729,3.547640699602904
730,3.0309750302970984
731,3.0377352553355106
732,2.3919074060208834
733,2.914480405914515
734,3.7208614406251654
735,2.6878027812120715
736,3.2313203653077776
737,3.4618184668076637
738,3.9167123704928954
739,2.804588702404902
740,2.97166783892561
741,3.8908633828332313
742,2.6446386122067187
743,3.4097407365535233
744,2.808088639700026
745,3.165983392693275
746,2.4030823029820385
747,2.4501376876734917
748,3.469430798196173
749,2.7152396005438373
750,4.492214829857913
751,2.6403340294017976
752,3.009768934290098
753,2.8868834495266595
754,3.1800366602760133
755,3.7142081808234355
756,2.2037619923592
757,3.668025396782026
758,3.105394246225591
759,3.2671725609706916
760,3.170738780139919
761,3.484011475577685
762,3.71536711755083
763,3.097396095945178
764,3.577643687023251
765,3.0450023310768475
766,3.9379020865381555
767,3.6207707144246473
768,3.4700890544351006
769,3.600825396032975
770,3.4279081745725293
771,3.264870743001649
772,3.5259609910232768
773,2.7207754793772594
774,3.025672899783976
775,3.6827039145406744
776,2.4388124119463184
777,4.158714822590634
778,3.956800809340943
779,3.8386401771361762
780,3.9055445950489602
781,3.541978871658833
782,3.205508339195205
783,3.080602096768149
784,2.437205816166256
785,3.264337292984694
786,3.126534124390481
787,2.8463700486987045
788,3.099025640794634
789,3.1347893266173275
790,3.595919455028174
791,3.42260090923139
792,1.8923855767060453
793,2.892506010480322
794,2.238830330314583
795,3.627068750403009
796,3.8010231377567836
797,2.7721876893620983
798,3.001067328206211
799,3.6445780006712516
800,3.2547682665502786
801,3.0342050776592635
802,3.412042179181903
803,3.199343237784614
804,3.232741361470039
805,3.0097330227656456
806,3.493002986265251
807,2.956126457344545
808,3.988905089275275
809,2.8410445480250512
810,3.9147868215099373
811,2.935830256949561
812,4.067493158990482
813,3.3229239247426317
814,3.0555687963882523
815,3.1316136894378652
816,3.777089472215822
817,3.317184209852535
818,3.6104848288453715
819,3.9249254302657697
820,3.3406734591986535
821,2.9059371500856455
822,2.7188836463636052
823,3.4381838636802007
824,3.7740841232042026
825,3.413702266447598
826,3.239351342469929
827,2.8182682633629166
828,2.016786611059345
829,2.70094809304649
830,3.0867391442583383
831,3.421005745058789
832,2.7027269977769413
833,2.8199607300127045
834,2.992079652288083
835,3.5213045575917206
836,3.2862392075857465
837,3.2488686567681957
838,2.8942956746157353
839,3.4858827033850766
840,3.2556403429548273
841,3.6799150126995874
842,2.4443798153845107
843,4.003881932770305
844,2.3772234125087053
845,3.0891642724656085
846,3.3348005880231395
847,3.854274791294044
848,3.5290656145877275
849,3.119849467931168
850,3.1266780636118088
851,2.788203136848896
852,3.1497046178949164
853,3.0993987420140274
854,3.4106410856663767
855,2.4246194913055126
856,3.6501178515781447
857,3.374498659308902
858,2.7049798289971454
859,2.312735921480713
860,3.078528995724355
861,2.487162184560008
862,3.1003291116307663
863,3.4252167552297577
864,3.2760332313931224
865,2.943139959572441
866,3.500438224622528
867,3.2553509092254425
868,3.3709186785796463
869,2.5388614325540377
870,3.284456120718935
871,3.7831551251957665
872,3.4668526615795594
873,3.559908987778899
874,2.539031126048316
875,3.0698739650072997
876,2.6611356777382373
877,3.408202175338259
878,3.539574050303221
879,3.470783567252882
880,3.3460827716879806
881,3.319316240571769
882,3.4432377186809653
883,3.6833157652504336
884,3.8492895597120116
885,2.8929203171764346
886,3.3958330047103424
887,3.32974686444283
888,3.29022824595825
889,2.7353787196440775
890,3.6419109053367604
891,3.8687164461637384
892,3.439790784684015
893,3.3922361127124443
894,3.3004963549481494
895,3.1844891999199265
896,3.4129198629110102
897,2.527938156063811
898,1.7138899468958828
899,2.923934086454751
900,2.803711864218144
901,2.8568637901229095
902,2.8951744565442787
903,2.64793225894908
904,2.8348090821538277
905,2.9844823499585855
906,2.9005433612785056
907,3.0370098345900467
908,3.328873174315451
909,3.2843933776452885
910,3.002250191855052
911,3.5130873325357466
912,2.154768427093332
913,3.621350969092388
914,2.968258134583591
915,3.8298545903552643
916,3.1058246361817363
917,3.5062908858901
918,4.343678803341726
919,3.018382824250615
920,2.8304888253246436
921,3.3751861404961585
922,3.5825444348366755
923,2.4712661472302737
924,2.7714961013748893
925,2.5881011367878184
926,3.8577641401762692
927,2.6038117809462022
928,3.3519387330747876
929,3.1512462531533627
930,3.8840805057100605
931,3.957059074887145
932,2.6121978725781188
933,3.859036714140744
934,3.9536499737602124
935,2.931078928441417
936,3.3505417744697135
937,2.882090635626902
938,3.615441086542009
939,2.26120453195697
940,3.6727774482177185
941,2.420839502105561
942,3.3926839151088504
943,3.4648010765673307
944,4.465903010559612
945,3.3923124333463393
946,3.6892896865548144
947,3.5081381032009125
948,3.21607972068629
949,3.31371256608599
950,2.716786205119016
951,3.1418126744781514
952,2.3971975420086826
953,2.158135106431443
954,2.456691247601339
955,3.88775450598623
956,3.5731477984227307
957,3.364152484409449
958,2.79335048152229
959,3.197121243131019
960,3.060636186901367
961,3.4804957548092457
962,3.80015300607325
963,3.517889461108236
964,4.313082210837801
965,3.293348113956192
966,4.014536045117226
967,3.4154245321457952
968,3.493276383045225
969,3.466195933499991
970,2.5215816139856666
971,3.197515623989661
972,2.022940895674564
973,2.674381951599837
974,3.0216321020218375
975,2.5408665767934826
976,3.280297609808076
977,2.995353650995023
978,3.4843733250837676
979,3.3166079799032446
980,3.2722290561354392
981,3.1708670823837792
982,3.4133347342314244
983,3.880894142041343
984,4.101341970693577
985,2.8224892258057652
986,2.8983979387425505
987,3.0460181481290776
988,3.0472777522740744
989,2.8458097084057665
990,2.8611413343019323
991,2.867337427663358
992,2.7743652492741355
993,3.274514159693306
994,3.7626444940047454
995,2.904089867968968
996,3.155294093540274
997,3.4164571088901896
998,3.8122350430956713
999,2.4544577831124625
1000,2.775358515786537
1001,3.128689693429018
1002,3.81314642754439
1003,3.393192780736248
1004,3.089204460262889
1005,3.1696899271372643
1006,3.339720763893432
1007,2.1160568294108204
1008,3.1722889119054964
1009,3.1491075418850687
1010,3.5835803850512824
1011,3.246851204426255
1012,2.60077976138754
1013,3.298512452903088
1014,3.5254713843520777
1015,3.171069797488036
1016,4.122944015738933
1017,2.848934531629216
1018,3.879063784048219
1019,3.420773206101361
1020,3.8617198715772076
1021,3.7683088480693563
1022,3.349360367241152
1023,3.1923852776526744
1024,2.489589453950315
1025,3.0573419487547486
1026,3.221744382955501
1027,2.7895508660467243
1028,2.7152421374970355
1029,3.093707996809406
1030,3.4922573107823416
1031,3.218819976216495
1032,2.7795037244141976
1033,3.577249819646115
1034,3.4607347993146553
1035,2.835789072377219
1036,3.5788069793865835
1037,3.824341530595908
1038,2.997052619453028
1039,2.6242091241603367
1040,3.7314531199477203
1041,3.2841854727250084
1042,2.7855456936469873
1043,2.669553646655431
1044,2.5008160437404836
1045,2.0773288054885954
1046,3.297214279984548
1047,3.1436302985115616
1048,4.1380894710019165
1049,2.864545577108684
1050,3.9161874498723828
1051,3.093483898691231
1052,3.4881695092989697
1053,4.394234097776462
1054,3.7690740116776995
1055,3.2009151623535503
1056,3.6683045460924113
1057,3.972165178149454
1058,3.44076132655866
1059,2.8104919575769722
1060,2.5945586823123454
1061,3.1251535894767577
1062,3.5355496140871967
1063,3.3494999245813295
1064,2.85227405138453
1065,3.183663071176909
1066,4.460134987483628
1067,3.9025803347258545
1068,2.0926531038926974
1069,3.7682867490447034
1070,3.211985945076534
1071,3.267179487752161
1072,3.4526629981653625
1073,3.1820117090228948
1074,2.9066503085994952
1075,3.1318379704083084
1076,3.740228582174318
1077,3.878591752303588
1078,3.3230799367080492
1079,2.7977771986084927
1080,3.2647833581843666
1081,2.402282687576596
1082,3.43546122786006
1083,3.4946810755012243
1084,2.9774357502607955
1085,3.4898953330766385
1086,2.4598063411465647
1087,1.7954658692789345
1088,4.518745650034994
1089,4.379661534293847
1090,3.9749505885572702
1091,3.467246820069847
1092,3.207350862005836
1093,2.650659282963208
1094,2.632288842756784
1095,3.151929887777903
1096,2.963735796958651
1097,3.9988280107344845
1098,3.643876819610725
1099,2.632445130121209
1100,3.568620533956537
1101,2.324011859480475
1102,2.846905594372084
1103,2.6185147527138355
1104,4.039863373660148
1105,2.6951971587187753
1106,2.8840687526543802
1107,3.14293596657083
1108,2.346041180684534
1109,3.125043936161271
1110,3.191600184931412
1111,3.6750569668780715
1112,2.506499702438625
1113,3.8990469010879973
1114,2.815024074737953
1115,3.660709769586608
1116,3.7568480017493693
1117,4.036646263871382
1118,3.144399144969518
1119,2.753643985484518
1120,3.084655545462724
1121,3.025278158594371
1122,3.5147272956543976
1123,3.119606883346453
1124,3.63690524275729
1125,2.8037964398197976
1126,3.1141832299789676
1127,3.3375975143945666
1128,3.0121035038956725
1129,3.6470866970174267
1130,2.4325131239873814
1131,2.9435436634767744
1132,2.354239000215785
1133,2.3162262439677073
1134,3.408109767415035
1135,3.581549502276726
1136,3.3577270496467855
1137,2.760782596609902
1138,4.315233081283306
1139,4.464075671146556
1140,3.625366126826036
1141,2.7307757155341386
1142,1.839435637111751
1143,2.693947931479731
1144,4.320250418717446
1145,2.488346083234471
1146,3.14644496270249
1147,2.5504286294812104
1148,3.272000679867943
1149,2.7427658745751144
1150,4.136873073700563
1151,3.3948159776008495
1152,3.9236571707831867
1153,3.2855510528031995
1154,3.589672859436884
1155,3.4452612047342717
1156,2.6390998256636675
1157,2.8387133101041453
1158,2.942540633296238
1159,2.567229760344749
1160,2.9289916956264634
1161,2.3755081609712416
1162,2.6847098279017723
1163,3.9397708480055416
1164,3.0263633678822206
1165,4.290119110846124
1166,3.3542550860665514
1167,3.768890185538326
1168,3.794020039858105
1169,3.0376128938116933
1170,3.3975476340206
1171,2.6993389250602253
1172,2.8517109281275976
1173,4.011438005895136
1174,3.570255403098578
1175,3.2981472503411657
1176,2.5506195003533887
1177,3.3737986007961522
1178,3.609016377393341
1179,3.6899259704644676
1180,3.1507854138134155
1181,3.9868788937536683
1182,2.608047786225524
1183,2.293890271096873
1184,3.417120725533949
1185,3.3560571967106747
1186,4.0180825714192085
1187,3.2330443572802476
1188,2.4809076182853396
1189,3.939061059796708
1190,2.751473835159237
1191,2.9613938211161823
1192,3.1286463326787732
1193,2.974208467116316
1194,3.4079951939963578
1195,3.118158545097745
1196,2.6797439524618945
1197,3.3673039560627216
1198,3.0550631521695975
1199,2.936240737943625
1200,3.87382496081948
1201,3.5536297783898734
1202,3.839748005342012
1203,4.316253123210319
1204,3.9006370585067938
1205,4.121960456588879
1206,2.2373661678958183
1207,3.56838711541177
1208,3.024355233562155
1209,2.973855280408755
1210,3.315385277914869
1211,2.9372728543711393
1212,2.9197273600251954
1213,2.521984897838096
1214,2.843022194727067
1215,3.2041519341112554
1216,2.700836010921588
1217,3.0141785739935494
1218,3.0124094521114206
1219,2.972388213285633
1220,2.922885659433993
1221,3.3106598828337885
1222,3.633347734334821
1223,3.30897222339374
1224,3.559068635905737
1225,2.8591393844053985
1226,3.0693190683375025
1227,2.597553559101005
1228,2.8515381683226915
1229,3.5814149659875083
1230,2.699899121556578
1231,3.5455209335437017
1232,2.215357393178506
1233,3.160723534232472
1234,3.4555775979487304
1235,3.772365964912329
1236,3.8535512136113454
1237,2.744126249199682
1238,3.7717662285181923
1239,2.7268698678464975
1240,2.5592281690510728
1241,2.3091382583468376
1242,2.8853865004090853
1243,3.212233236084863
1244,3.6827210135348363
1245,3.892578186296938
1246,3.603976346567608
1247,3.728716674991231
1248,3.5774406645995227
1249,3.6381438979284604
1250,3.363099289251869
1251,3.4283977233802236
1252,3.0006190133232904
1253,3.519043311255953
1254,2.809145621778989
1255,3.436836407179114
1256,2.576401922831841
1257,3.4677073691880995
1258,2.610668429430298
1259,2.9663739333963504
1260,3.7115535803685846
1261,3.532871218142863
1262,3.10000401471997
1263,2.8697827528322506
1264,3.7969276504247027
1265,3.2544660082170003
1266,3.5444405096739398
1267,3.1549604510069034
1268,4.322191216577625
1269,4.1465928259977956
1270,3.1100521573635582
1271,3.1128490133288635
1272,3.6215693174279675
1273,3.839473460545069
1274,1.6389246351801243
1275,2.8210653177264176
1276,3.7369140047008034
1277,2.7762552681821786
1278,3.09067132964901
1279,2.787992343150604
1280,3.128527001150426
1281,2.7481786548401947
1282,4.068369018741661
1283,3.2689540463866185
1284,3.5014437235869202
1285,2.855033064914807
1286,3.526745060236438
1287,3.067984298401052
1288,3.7253664370218074
1289,3.0315925133420767
1290,3.5995014498740727
1291,2.9183997581000938
1292,3.7098082503725482
1293,3.7278109099384196
1294,3.2128476950165696
1295,3.652441968584898
1296,2.765627806927619
1297,3.4575636841402613
1298,3.7925235684273577
1299,2.931542564499956
1300,2.4259175609792436
1301,3.1276603211304135
1302,3.390357967930458
1303,3.207518666470411
1304,4.278502545367809
1305,3.3144456913263958
1306,3.484645758755333
1307,3.4372268674484947
1308,2.578262365981315
1309,2.266376003538463
1310,3.8597884986844884
1311,3.265062551247288
1312,3.640177838897985
1313,3.393984729086525
1314,2.7996948920978735
1315,4.380687971079798
1316,2.593810258073229
1317,2.3237149337347853
1318,2.74939958947987
1319,3.600039054895536
1320,3.359238103556776
1321,3.2232250870963157
1322,3.293635471758208
1323,3.059868358350617
1324,3.416815116759151
1325,2.301404562707132
1326,3.0530204096419364
1327,3.00545626058744
1328,3.5181351472547098
1329,2.975376432727873
1330,3.5648535940337442
1331,2.6234753328132028
1332,3.5233193862985583
1333,2.694153671782085
1334,3.8824632764718765
1335,3.7713924204139437
1336,2.670029954284018
1337,3.074469296641682
1338,2.333820994493757
1339,2.9076534387979147
1340,2.535741346398164
1341,2.8951572264392307
1342,3.0307704010932173
1343,1.8755257259760654
1344,3.627135799429623
1345,3.301522472153761
1346,2.75983061975256
1347,2.994849051050293
1348,2.7766958905623995
1349,2.044568818608516
1350,2.1400324811320317
1351,3.6869604348748797
1352,3.254959709584739
1353,3.145695966610414
1354,2.6744578593425925
1355,2.239081508199766
1356,3.4202169237672617
1357,3.861474468802262
1358,3.7082813905857055
1359,3.614681219299401
1360,2.7374323508615923
1361,2.2825517819593317
1362,3.404415964696176
1363,2.8184259450091673
1364,3.2719301506369174
1365,2.403146280412427
1366,3.627698216823262
1367,3.241779075957377
1368,3.14225349340295
1369,3.199907713848429
1370,3.0234862296947904
1371,3.629811579465261
1372,2.323895286954624
1373,3.4654465906905747
1374,3.4940417688894803
1375,3.2556297114930484
1376,3.926970791256947
1377,3.4375623865724134
1378,3.7503674725139193
1379,3.309270437860968
1380,3.2098447789443187
1381,3.456487006637046
1382,3.0763803320649834
1383,3.4047898657947466
1384,3.1732705071852214
1385,2.7319625874785465
1386,2.7586109878376597
1387,3.2569597301687874
1388,2.923843986266488
1389,3.228133905550038
1390,3.3015791987791854
1391,2.4226680285501727
1392,2.5858734619501322
1393,3.6557435925332493
1394,3.2723148982125996
1395,3.4565716248384573
1396,3.2906145438258463
1397,3.481794393044965
1398,4.224400613703855
1399,2.6047123966190404
1400,2.9181389336845167
1401,2.4363276764877577
1402,3.123546635971879
1403,2.854896206916389
1404,3.3526549857761423
1405,3.3666940669284044
1406,3.28289053438858
1407,4.032362743257752
1408,3.92377308299848
1409,1.879959846743711
1410,3.4001603207046442
1411,2.9015572195294794
1412,2.973768980701157
1413,2.4213982629168163
1414,2.9783726791009704
1415,2.506943575149106
1416,3.045730327608368
1417,3.5029095943026576
1418,2.958437145463378
1419,2.939695410590664
1420,3.241288542881975
1421,2.3674030909319494
1422,2.47175780128459
1423,3.3016554767117214
1424,3.8891872918522328
1425,2.4302871944048636
1426,3.92576343412585
1427,2.993709878004592
1428,3.4476288500361743
1429,3.667057335780403
1430,3.5093760433161347
1431,3.3379705039662184
1432,2.688238471168545
1433,3.6150694596544963
1434,3.5131682679499985
1435,3.120496326312727
1436,3.2658344803234756
1437,3.3958655596823366
1438,3.001624096207545
1439,3.336590127216024
1440,3.093061424989077
1441,2.091000188882693
1442,3.2232141932827516
1443,2.867364109116215
1444,3.3914427173017327
1445,2.8812710879271464
1446,3.3647755915270006
1447,3.215298691833725
1448,3.225843895675412
1449,3.0522739238868186
1450,3.7902092094592588
1451,3.4721029984423146
1452,3.041526219189887
1453,2.6830938493279755
1454,2.61013823525471
1455,3.4543812488006895
1456,3.6455670559576694
1457,2.8051928291284836
1458,2.5169836562325885
1459,3.82101627319891
1460,2.9522613338717307
1461,3.096338752023658
1462,4.446859856684624
1463,4.7545324434882765
1464,3.8612399051022868
1465,3.4015322027442805
1466,3.6981516718478566
1467,2.175544487891651
1468,2.3944982576521086
1469,3.7251800376754085
1470,3.5854101019891953
1471,3.3525967009148103
1472,3.4962584434032973
1473,2.9268649876196475
1474,2.52510298267785
1475,3.4270929393653966
1476,3.579213298708967
1477,3.254646942000057
1478,2.594709024948277
1479,2.769798696848306
1480,3.909982802555155
1481,3.6015286763703767
1482,2.625278022963372
1483,2.863282242146873
1484,3.5728523939992045
1485,2.6490415189420577
1486,3.085324505806144
1487,3.212362375462441
1488,3.193838977830719
1489,3.8330641790747486
1490,3.083967811351662
1491,2.23390146601878
1492,4.421462170723002
1493,3.727272740616128
1494,3.267816027175155
1495,2.8647871179291564
1496,3.194560434434942
1497,4.322555378112961
1498,3.6398393687085773
1499,3.0413978426328416
1500,3.1997384083838702
1501,2.5518613663644407
1502,3.134561070598988
1503,3.4462484851591952
1504,3.5297617038126887
1505,3.141801672435318
1506,3.1928712651451074
1507,3.5613195893106515
1508,3.4373373378544194
1509,4.22750166915036
1510,4.286398353689117
1511,3.4002634868995743
1512,3.3681834439354903
1513,3.3911938228304694
1514,3.774483980311647
1515,2.7190306412057152
1516,2.5144271300643566
1517,3.2867314362369853
1518,3.667794313023968
1519,3.4784497495329294
1520,2.2478343203879367
1521,2.9627155360489317
1522,3.6197221260012267
1523,2.5339258727951663
1524,4.195814640649414
1525,3.120029623447071
1526,3.4709457477074555
1527,2.838055938547369
1528,3.6436713628061566
1529,2.692770977588582
1530,3.971862468740635
1531,3.2507833358914606
1532,4.0248228669694655
1533,3.2291386123193138
1534,3.727806116385203
1535,2.8853675816145747
1536,3.1710019451296136
1537,2.7878654987617195
1538,2.532102572212299
1539,2.797314347313284
1540,2.8925456541353483
1541,2.8684203016882743
1542,3.546126232394841
1543,2.6355215930205573
1544,3.426432895664579
1545,3.037626632842252
1546,2.8596114614942634
1547,3.6628770878634542
1548,3.1397605853565835
1549,3.500745046009709
1550,2.4867067370684257
1551,3.367627844956275
1552,3.489394360348721
1553,3.0299369673552117
1554,2.7873321419447517
1555,2.5856641950515082
1556,3.2152789003095292
1557,3.247384861100197
1558,3.6036674766528733
1559,2.367981683027587
1560,3.3844796925891516
1561,4.1017053028296955
1562,3.1158772178295053
1563,4.816195028179713
1564,2.7669310583047535
1565,3.6495423150113684
1566,3.9571356877604043
1567,1.7759227274132081
1568,2.8856408497466397
1569,3.5511890386168496
1570,2.9944108413430173
1571,3.0474613307295693
1572,2.3790826934675
1573,3.024318760471687
1574,3.616239755573813
1575,2.8341447231796395
1576,3.294287385769735
1577,3.4532414472225437
1578,3.3261177952858123
1579,3.1863762703757783
1580,3.177660946071032
1581,3.104081368403387
1582,2.565995620091497
1583,2.229744130062792
1584,4.177312076048047
1585,3.485990940444913
1586,2.321675972821767
1587,4.736003088575811
1588,3.2899565910634534
1589,4.064578645602596
1590,3.0468984884095724
1591,3.0999185816855643
1592,3.3548230797443446
1593,2.2120049965923734
1594,3.42379670799475
1595,3.854176559343522
1596,3.447522350059074
1597,3.1531100413402786
1598,3.258342239705123
1599,3.0665225394153026
1600,3.34440006970611
1601,3.0315172949690448
1602,3.5563993888833445
1603,3.0007346206494407
1604,2.998588783699654
1605,2.8184342732285783
1606,2.8287470420551455
1607,4.5627275335910324
1608,3.3879254717935963
1609,2.594800840017806
1610,3.515066405140772
1611,3.436313126691679
1612,3.3412180780163077
1613,2.558493454481858
1614,3.073307200566799
1615,3.105748153944073
1616,2.96274131783208
1617,3.0779117039744035
1618,3.113348075805497
1619,3.721146809729218
1620,2.889166232758097
1621,3.045698361379471
1622,2.7604494768215506
1623,2.676304350036716
1624,2.940735012295676
1625,3.6110189057385607
1626,3.093019310564212
1627,2.682130471221617
1628,3.001070573974095
1629,3.1635070911430505
1630,3.0171555516995383
1631,3.468327199981546
1632,3.3988501058341107
1633,2.753506032120695
1634,2.3396095926070224
1635,2.8704258678079055
1636,2.809375071084867
1637,3.406946705653784
1638,3.015264443247349
1639,2.86362131194818
1640,3.880831479207436
1641,3.7731975694009843
1642,2.872650413136076
1643,4.018067833060792
1644,3.843879936834103
1645,3.7510823929035118
1646,3.2648194263558503
1647,3.1838135064873465
1648,3.3050847755885497
1649,2.4531923722282762
1650,2.6077297355571067
1651,3.2662238211662586
1652,2.990125944455071
1653,3.1212259991554627
1654,3.1843387213680296
1655,3.037116102460587
1656,3.325623072503069
1657,2.9867469446889774
1658,4.135280512012762
1659,3.186862951160455
1660,2.7656297858730188
1661,3.151959057207821
1662,3.609098496973596
1663,3.137163442415046
1664,3.864397313971236
1665,2.740211781142587
1666,3.1939848583902295
1667,3.673005844325525
1668,3.314884632083228
1669,3.963083280889589
1670,3.641885999225781
1671,2.470446151749471
1672,2.488489780872287
1673,4.215452621361791
1674,2.7087371066739916
1675,3.8510444804789548
1676,2.997052477966973
1677,3.6015150736788
1678,4.195556237834739
1679,2.737940658735719
1680,2.9184580559096394
1681,2.8564070683799176
1682,3.390084723752784
1683,3.9178104273931287
1684,4.441843306156175
1685,3.648356583135372
1686,2.6223706024626314
1687,2.4785892949488275
1688,4.140792933317465
1689,3.659601611988203
1690,4.122785340527721
1691,3.6752950686433437
1692,3.1219941634262502
1693,3.307142151032969
1694,3.5068746624169305
1695,2.8108750243648286
1696,3.857786652937357
1697,3.4898541756918755
1698,3.491808349987054
1699,1.8479263796025869
1700,3.1557020942945897
1701,3.0785183871509063
1702,3.850216035862505
1703,2.477377704616166
1704,3.463880593958583
1705,3.158966935130967
1706,3.044921037410193
1707,3.5773262391959357
1708,2.9490010342218382
1709,2.7616103805775185
1710,2.662794868746456
1711,3.678908286680998
1712,3.6621801098978755
1713,2.4722064485390165
1714,3.1860822205272634
1715,3.598394035308897
1716,3.6173961484664146
1717,4.2478026026162405
1718,3.501541418536534
1719,2.965543080645226
1720,3.1944755727918626
1721,3.04538756679489
1722,3.714515274515619
1723,2.8043562729509737
1724,3.1152433787711247
1725,3.0686034322713507
1726,3.4118071477957796
1727,3.648931589100208
1728,2.7801148231818287
1729,3.9808787396090297
1730,3.4785753012521936
1731,3.504164224414989
1732,3.1871153754771964
1733,3.021791564269878
1734,2.7971914492274617
1735,3.170395318348998
1736,3.424866394495244
1737,3.6886872858270032
1738,3.520237655731054
1739,2.5285082352280908
1740,2.102705433466748
1741,3.3372198090885687
1742,4.196410827778451
1743,2.7455341462358938
1744,3.4289029894351724
1745,2.526781027884326
1746,3.245689696190232
1747,4.144954012381616
1748,2.582949092249487
1749,3.9399190801442283
1750,2.944239896838742
1751,3.7402275790981747
1752,3.843892173855248
1753,2.6772969916486398
1754,2.911499321496452
1755,3.2423027970523024
1756,3.5073393942979543
1757,3.1982834499704507
1758,2.8701789007312355
1759,2.910181952027002
1760,3.313297608286924
1761,2.9914818879240044
1762,3.31427800791937
1763,3.2886447316908645
1764,2.534294832164153
1765,2.789642746863849
1766,2.983186565383501
1767,2.6146179652321235
1768,2.5068280208579203
1769,3.2869712238527247
1770,3.757636308859264
1771,2.9075469803240193
1772,3.8687530437330118
1773,4.210477206661998
1774,3.0250039011264027
1775,2.1055205549044267
1776,2.8596440988456733
1777,3.266685207394035
1778,2.914112021577073
1779,3.0667045410292477
1780,2.8030431497592416
1781,3.638086501710133
1782,3.701714036528758
1783,3.801956305177443
1784,1.9083676530681533
1785,2.591175800754289
1786,2.633821921725615
1787,3.9495990024906904
1788,3.181451984098764
1789,3.074174101108761
1790,3.9088841618672316
1791,2.4353609657609816
1792,2.819836315330812
1793,3.6690610101642056
1794,2.755575599401385
1795,3.470843576826247
1796,3.4068324753993955
1797,3.8841153706594747
1798,2.7675650647304195
1799,3.6549915878700645
1800,3.721546119781502
1801,3.6564687790430384
1802,2.086730892706606
1803,3.00023051465522
1804,2.470443114681431
1805,3.204721360022874
1806,3.7847731476845112
1807,3.5740557930356918
1808,3.5190004554771934
1809,3.0491835099889637
1810,3.595805837571955
1811,2.911809354721498
1812,3.134428903235211
1813,3.081347760686815
1814,3.0082230510948103
1815,3.60050524475658
1816,3.369297667746071
1817,3.028551360774575
1818,3.1058060314771283
1819,2.6133786264755408
1820,3.0720834810126223
1821,2.9414574129263285
1822,2.454449937180388
1823,3.4490607441135452
1824,3.2188757907424286
1825,2.606781671824111
1826,3.596723767705617
1827,2.589469673511151
1828,3.7145260679646324
1829,3.7365791333721603
1830,3.674514462641374
1831,3.6916178615802986
1832,3.70510311942759
1833,3.951472568015684
1834,2.536006029987588
1835,3.336928619089411
1836,3.3258111239625348
1837,2.6841338756524156
1838,2.7603298836352277
1839,3.763287675261246
1840,4.151475982341651
1841,3.1921833359683434
1842,3.3517787211575008
1843,2.7171207674139484
1844,2.66254911630071
1845,3.5958145820029324
1846,3.378113003767027
1847,2.9728240416239893
1848,2.390304945198637
1849,3.890386044851127
1850,3.560097474156931
1851,2.5903274387119133
1852,2.9208848729335464
1853,3.1827028197816487
1854,3.7425268101299043
1855,3.5396325243861773
1856,2.805486323583622
1857,2.9588970690617695
1858,3.0247125667919246
1859,3.4183944593907882
1860,4.133076943210954
1861,3.0806654097790203
1862,3.8001583654710376
1863,3.1243961315571105
1864,2.9007288729637155
1865,3.622830617294474
1866,3.6352616745991493
1867,3.6313073552146284
1868,3.792605340855641
1869,2.893618137016847
1870,4.330731619432556
1871,2.790804756699338
1872,3.912319799319385
1873,3.5868170595221724
1874,3.184572005332049
1875,2.740925580586175
1876,3.295744551028284
1877,3.526645874324693
1878,4.04450419516838
1879,3.8643516518843883
1880,3.4249587651039684
1881,3.8046690685418967
1882,2.644381421951518
1883,2.900501429334768
1884,3.782163313906196
1885,2.359748127728497
1886,3.376968809083609
1887,3.2399609811671217
1888,3.0445325026301795
1889,3.5711706900348448
1890,3.0430168081645887
1891,2.9241380808522393
1892,3.593156001399533
1893,3.99014229482858
1894,3.2207525751712516
1895,4.120791387169602
1896,2.172528116531776
1897,4.236893538419242
1898,3.353915954326143
1899,3.3803758378563664
1900,3.4238605591745586
1901,3.3145328060928825
1902,3.756648553530793
1903,2.933385387063304
1904,3.174143711243058
1905,2.6631384092725012
1906,3.0122563803394815
1907,2.645804162299216
1908,2.821761992985938
1909,4.848175591252986
1910,2.688360502288825
1911,3.4833425846644235
1912,3.060034924483815
1913,3.3128059806620787
1914,2.557335674932852
1915,2.5876413392184014
1916,3.275017180638981
1917,2.445698309895098
1918,3.1327094857834346
1919,4.095527819423671
1920,3.143146572825186
1921,3.4744318048996323
1922,2.827279050935255
1923,2.8640254869704176
1924,2.860687246728203
1925,2.620196715340377
1926,3.5128067770978824
1927,2.593365364557503
1928,2.8200767401469355
1929,2.56783123962168
1930,2.3916906296408427
1931,2.0502469049847596
1932,3.9779820829833774
1933,3.2059798090288854
1934,2.6668682151285195
1935,3.037181266709251
1936,2.9662459697032273
1937,2.816342785594382
1938,3.1577138626002257
1939,3.788017333853765
1940,2.4477515052852867
1941,3.3161408261189864
1942,3.443841535265892
1943,2.9017726857415047
1944,3.05755910251106
1945,2.7434390938029036
1946,3.126354597695743
1947,3.880190741943537
1948,4.043181266235746
1949,2.8181404772564975
1950,3.744441967613781
1951,3.818285267929805
1952,2.701347248850524
1953,4.701986494580277
1954,2.8798467157913956
1955,3.896868152799354
1956,3.3977695240947123
1957,3.6154472783586313
1958,3.108103794914372
1959,3.1084673709750112
1960,2.992567910633454
1961,2.898710013042968
1962,2.5536575935787202
1963,3.2350398049396976
1964,4.5415915149171
1965,3.1087035202862148
1966,3.743913414050432
1967,2.6409308220820766
1968,3.89597871989551
1969,2.8118316684931073
1970,3.1915869041786658
1971,4.509745587756562
1972,2.5374062940574316
1973,2.9040626110135626
1974,2.5649396086327894
1975,2.7999521250282466
1976,3.3995475174860537
1977,3.344887823508899
1978,3.8668470779154784
1979,2.7970453462399836
1980,4.0096734277552795
1981,3.8173554903548683
1982,3.248456141930673
1983,3.261127025496628
1984,3.464438740299267
1985,2.168643998013204
1986,3.8158805110581735
1987,4.28685820428495
1988,3.3866333924451504
1989,2.6662859369019882
1990,2.510137925802637
1991,4.885809985851752
1992,3.460874099876829
1993,2.7617962223380226
1994,3.844220159501912
1995,2.594555591700606
1996,2.9294798937441917
1997,4.093394717036439
1998,2.832701307512446
1999,3.293680598459958
2000,4.207247610773486
2001,3.078883524982899
2002,3.205712624539043
2003,3.16802447057783
2004,2.890903679981299
2005,2.9277835849667464
2006,3.8290743474641595
2007,2.8137239298488375
2008,3.724258355984872
2009,3.87400006077975
2010,3.9725692023379504
2011,3.434121337342485
2012,3.612296218873267
2013,3.4008868488660564
2014,3.8298371883872355
2015,2.8719633805574136
2016,4.061319652693797
2017,3.0739123551987353
2018,2.3909507715378377
2019,3.8546728295300143
2020,3.4633873918322613
2021,3.1588405503939194
2022,3.686053866769597
2023,3.3142481410870697
2024,2.869952036108276
2025,3.216722631869748
2026,2.77769158652653
2027,2.844828418993646
2028,3.137101736939134
2029,4.085042178997445
2030,3.479375902516568
2031,2.1512140187929196
2032,3.4928562615895165
2033,3.3756829327577393
2034,3.3726911426434945
2035,3.5315959906428116
2036,2.8699860098968726
2037,4.084642034252345
2038,4.006069554452013
2039,2.721107115045899
2040,2.5989722869462257
2041,2.828253221393826
2042,3.849212726483271
2043,3.04351569490358
2044,3.030193315826217
2045,3.6188274913152045
2046,2.936935384957437
2047,3.1196358297706595
2048,3.182440162102585
2049,3.833830329477833
2050,3.3339790111595127
2051,3.115217293310094
2052,3.6959841333690147
2053,3.2495252471281852
2054,4.042528953318032
2055,2.891394224891404
2056,3.6071044059571125
2057,2.6721526929061707
2058,2.1173326682795337
2059,2.830615703186787
2060,3.502150350740392
2061,3.2221670812921124
2062,2.9677781608082467
2063,4.149186224884198
2064,3.00937596132591
2065,3.2549064449598886
2066,3.1278110446713643
2067,3.1001584124832293
2068,3.1863571510439566
2069,3.5655955612364676
2070,3.9083519321012816
2071,3.695494635296301
2072,2.724191336099212
2073,2.332813069008248
2074,2.3943862472781405
2075,3.5767356929119063
2076,1.8443860587788672
2077,2.6611220471396475
2078,3.1837021195654707
2079,3.2397556789629887
2080,3.52008258485278
2081,2.8508681357823544
2082,3.204032899145953
2083,3.516111801749058
2084,2.8490090247001563
2085,3.711626813784394
2086,3.4226176085790465
2087,3.297566028345374
2088,3.8084881478921395
2089,3.04120680060635
2090,3.2301106622975033
2091,3.7824661491099087
2092,3.3914405735057955
2093,3.35554295692382
2094,3.417567634457225
2095,2.6421133222181448
2096,2.9981420034668282
2097,3.685970469893421
2098,3.5667145992031886
2099,2.683955392445631
2100,4.217303098497594
2101,3.448882163930931
2102,2.5047721274871044
2103,3.6100879095361798
2104,3.528191834501822
2105,3.3728815178312033
2106,3.8988415162727446
2107,2.2257568993201873
2108,3.578060972019837
2109,3.097358946832328
2110,2.8095269818545385
2111,2.615723891967197
2112,2.7457099368070703
2113,3.9634164349345653
2114,3.0972506204658954
2115,3.0928676642218824
2116,2.193069544307911
2117,3.669819649495634
2118,1.8758555855551646
2119,3.211708056476101
2120,2.6818407369885278
2121,2.7069802393992974
2122,3.3567395688584187
2123,2.923976726240171
2124,3.263999347419964
2125,2.720409443604437
2126,3.9011010014878256
2127,4.10387405321799
2128,2.7025781455864353
2129,3.493139453754053
2130,2.5303843954032637
2131,2.0078954251659584
2132,2.8373006078905267
2133,2.6749797189430424
2134,4.253845278435264
2135,2.911006664320273
2136,2.6657833387101637
2137,2.9938735909487844
2138,3.0201343356015857
2139,3.265186751921197
2140,3.297656647636397
2141,4.0224958986798605
2142,2.4034427536804754
2143,3.79579612675999
2144,3.1557115840352936
2145,3.2253941595258335
2146,3.042830100327625
2147,2.7596962130765155
2148,3.78554022300038
2149,3.013342262791138
2150,3.1111523782403214
2151,2.741314831741603
2152,2.707089612125918
2153,2.8120982820714424
2154,3.337710174588402
2155,3.016913199501256
2156,3.0000700362942245
2157,3.687205722290501
2158,3.087652996402792
2159,3.0452340074118354
2160,2.455517128864602
2161,2.505333316365287
2162,2.2332593312397333
2163,3.6891604710013772
2164,2.9412691935414204
2165,1.7772878841810242
2166,2.9661877554616494
2167,3.4105408737192504
2168,2.6667053677577717
2169,3.1852693748918814
2170,3.1351864737787976
2171,3.022996380663028
2172,2.7061577316783856
2173,3.750823530928922
2174,3.8108466665399017
2175,3.185005714128716
2176,3.5464315918592715
2177,3.1725474027196485
2178,3.2196198237426654
2179,3.553600212295663
2180,2.7335339679954878
2181,3.4778501185473547
2182,2.869939626525302
2183,2.6378896138435888
2184,2.659426787963442
2185,3.2356847592911717
2186,2.4703233340321855
2187,3.11195686802308
2188,3.024575873172499
2189,3.090443138343657
2190,3.7272135248511873
2191,3.16740143777574
2192,2.6919451236816427
2193,2.782106354354738
2194,2.1515487625223515
2195,2.913869466936684
2196,2.8810224987111477
2197,3.57881552567975
2198,2.7957903779529354
2199,3.472867126826698
2200,3.065354779016131
2201,3.5760143676877965
2202,2.886616368366298
2203,4.555383034696545
2204,2.453382758280957
2205,2.7224890193773144
2206,3.1012990854533107
2207,3.912290285443669
2208,2.4334125069462558
2209,3.01762542235379
2210,3.153229729589276
2211,2.5728653715368477
2212,2.7386439219673155
2213,2.918483061032512
2214,3.4064278312868144
2215,3.520937095782125
2216,4.016890460417031
2217,3.2713531660542983
2218,3.1189411366729396
2219,3.939302088823946
2220,2.8379336601332312
2221,3.2231076874533886
2222,1.985940080807355
2223,3.374545205311688
2224,3.4204784158308015
2225,3.072706071030952
2226,2.6461424462306673
2227,2.15120786439024
2228,3.0799803487291153
2229,2.3106082316161167
2230,2.4274036567272637
2231,3.115003480932134
2232,2.9586366930484598
2233,2.8590771225629976
2234,2.9233190653418513
2235,3.190992573014482
2236,3.0801643561351946
2237,2.611631588731175
2238,3.2100789319213425
2239,2.781755183761896
2240,3.0677291858763427
2241,2.9192070655604554
2242,2.94832141054416
2243,3.2122257058180925
2244,3.139029264145594
2245,2.3286594085967174
2246,3.0283589180513006
2247,2.96376018375389
2248,3.5893118869968754
2249,2.576863037126416
2250,3.650083866967342
2251,2.804055973895641
2252,2.9832650778169243
2253,2.584343837324535
2254,4.529651091336831
2255,3.658816555257958
2256,3.9025389129802974
2257,4.3202429184552145
2258,3.15989177008421
2259,4.3147694778028045
2260,3.3026067217414723
2261,3.4583226835524457
2262,3.098756127441419
2263,3.301956468727878
2264,3.280134372439365
2265,2.8658846234017714
2266,3.527272787762321
2267,2.824152554336608
2268,3.0497679526679775
2269,3.585772222147867
2270,3.0491117975405513
2271,3.7818844780694816
2272,3.835175616865286
2273,3.963702310788401
2274,3.139549093646019
2275,3.610589860654359
2276,2.630415353732087
2277,3.6513712065146597
2278,3.742555755755803
2279,3.5353656132741027
2280,2.3964027946484565
2281,2.9476603614131864
2282,4.3569500231370615
2283,2.4896420455751866
2284,2.272792082158614
2285,3.5632499486171687
2286,2.0478111759273654
2287,3.033480858360559
2288,2.51512414128655
2289,2.775666607210728
2290,2.7959614119771214
2291,3.4993964497575463
2292,3.0909750592539518
2293,3.638407767092231
2294,3.291530935731891
2295,3.277303701772207
2296,3.3594604675276263
2297,2.539425022312652
2298,3.1416564821529867
2299,3.3469243814280407
2300,3.2026796184350923
2301,3.8043237115755577
2302,3.4007170824741113
2303,3.4767816996712377
2304,3.843441694355768
2305,2.8795418771182457
2306,2.0574437657796008
2307,3.1118883025424875
2308,3.450033023245061
2309,2.9445599563612452
2310,3.2064472100236543
2311,2.857724175969988
2312,3.8198720434351054
2313,2.8865103088205792
2314,2.3263367370164523
2315,3.6585732964549504
2316,4.142258230392535
2317,3.373871608689644
2318,3.031182927383966
2319,2.4981628231364774
2320,3.2958139069554013
2321,3.1300287414414623
2322,3.085350707648821
2323,4.174140639546982
2324,3.2111898657418383
2325,2.8171643327957336
2326,3.239923167782602
2327,2.8860994342797186
2328,2.832956616313839
2329,4.118483301403284
2330,3.0685680618432065
2331,3.7113760844223567
2332,3.1791980966441566
2333,2.711145691441109
2334,3.017842476449465
2335,3.138031044954101
2336,3.3027069827639908
2337,3.537088643869533
2338,3.6887691402041587
2339,3.1684943832470926
2340,2.924789702923306
2341,2.9186480933383634
2342,3.373537313579376
2343,2.2976469059798577
2344,4.309424794657286
2345,2.7239824842167453
2346,3.4710616587670255
2347,3.511780823976522
2348,4.205168044256256
2349,3.078894447691902
2350,3.1661884346138143
2351,3.5064809001490467
2352,3.7112132054991473
2353,2.5857658306782367
2354,2.4211260061464692
2355,3.350479110163311
2356,3.8396179774913586
2357,2.722121210515877
2358,3.398948416770809
2359,4.311762454752413
2360,3.6334897748433375
2361,2.1675765697594302
2362,3.0697529641498154
2363,3.2142106248704168
2364,3.3823382005344147
2365,3.3067268876973817
2366,3.1969736319669555
2367,2.6365899534743
2368,2.5658995153350816
2369,3.203222322796149
2370,2.6051254382930704
2371,2.8171768990638553
2372,3.6435124475626983
2373,3.4443010642705105
2374,3.6380097578185087
2375,3.4027001143320286
2376,3.8776805888195685
2377,2.659209393631314
2378,2.9186600599338046
2379,3.1954032871849627
2380,3.0180613893629835
2381,2.758919725635173
2382,3.262021778000638
2383,2.9507231071359517
2384,2.8893076600706245
2385,3.5936647659249963
2386,3.0146099907360817
2387,3.1016336148414063
2388,3.530706374585274
2389,3.3855151980750113
2390,3.717379624604621
2391,3.7592315858241685
2392,3.2723864883407776
2393,2.603511006632941
2394,3.1277303225213906
2395,2.8154308251040994
2396,3.590326526374118
2397,3.3097692617954855
2398,3.206098020189787
2399,2.873765874152585
2400,3.0593262778017833
2401,2.6237154913244884
2402,2.8949241521385334
2403,2.569121049825815
2404,3.4387779975185553
2405,2.6281158059653253
2406,3.6322497822193496
2407,3.7922723681778807
2408,4.329038959583132
2409,3.3340263336983376
2410,3.259967697309492
2411,2.735621541280073
2412,2.830441983517651
2413,3.1196427175168475
2414,4.0102808817296625
2415,2.8352829092130905
2416,3.730626760162724
2417,3.4843901842404046
2418,3.1530367469307565
2419,2.423401014255584
2420,2.525951272357545
2421,2.9086259155030385
2422,3.9259345840048185
2423,3.2356484360846824
2424,3.030235104700262
2425,2.8866184587198083
2426,2.206322312625841
2427,2.765370016623015
2428,3.8213855595416764
2429,2.711156447686373
2430,3.061664297234617
2431,3.7957912454626768
2432,3.561111081634416
2433,2.697444021805918
2434,2.863784096775824
2435,3.117598650770519
2436,2.8088801885885304
2437,3.5854544068718317
2438,3.6536005337234863
2439,4.092899306358202
2440,3.1685601484170474
2441,3.433903787640663
2442,2.7691007880876213
2443,3.0060158362087375
2444,2.9922937179804094
2445,3.234546786211825
2446,2.9957703904315425
2447,4.040209009596559
2448,4.245642507022095
2449,3.0271322448132745
2450,3.59729372192135
2451,3.581197634578489
2452,3.3178275043150673
2453,3.269560200520642
2454,3.642858827765279
2455,2.8585983145262333
2456,3.4722220925986487
2457,3.328304785424343
2458,2.1944919281911055
2459,3.3932534887835315
2460,3.134064311882617
2461,4.396477033724084
2462,3.2243824400550922
2463,2.7786672661617993
2464,3.0679433477577565
2465,3.5883011879437774
2466,3.0133084710748146
2467,3.043406206612433
2468,3.594728407057054
2469,2.8193367711661264
2470,3.2398205001844276
2471,3.178712297365907
2472,3.0825799611755333
2473,3.8141951059270576
2474,3.3767669780726313
2475,4.8013806990989325
2476,3.22770320478126
2477,3.309729195612316
2478,3.127307064342494
2479,4.396924398196562
2480,3.5103817531505057
2481,2.730090487942753
2482,2.771051439447225
2483,3.450058965484147
2484,2.158801283782814
2485,3.220170988638786
2486,3.8334920907701577
2487,2.8381135840406113
2488,3.286813016763765
2489,2.8965557951204093
2490,3.4664065620197997
2491,2.5190035876864276
2492,3.7404817390128935
2493,3.2540966221995355
2494,2.3908888331250484
2495,2.7503312415780554
2496,3.5235898015723985
2497,3.780843118715187
2498,2.799801624550628
2499,4.392421252781933
